beta/smoke-v0.1.0-beta.2	d2e234a130a3a7c2d1dbc7728c1fd8e21487a4f9
cleanup/foundation-clean	c73948af84e485553e0a31f7a26f7f4777a31076
cleanup/remove-smoke-beta2	7fae3fce73fe3a99e7a7e3fede0251bccb1ad9b2
integration/l2-runtime	0456ebb0a883b4006d4330597f246cb008c53351
integration/l2-runtime-work	5eca7b7fe8fec1072ea0b04271d61833816d856b
research/esphome-l2-api	6a0e45dbb324e991a835048d8d338dd17f2a6b74
research/home-assistant-wireless-l2-api	b767bb14391ed3b762cd181325caaaf13c4dd283
research/home-assistant-wireless-l2-api-checkpoint	d68c1873af588f0abc65867b1cc00e54c9940a17
research/kismet-l2-api	aaa7384876a5434b11844895eb9afab1a79c644e
research/nmap-l2-api	8dc1876ac962d5646a8836dce8694f5d85919ffc
research/openthread-l2-api	bd7dad68ce34728ffc192134ffba493c21d8fd41
research/theengs-l2-api	72f8916cf5a192755f6cf0501521869dcff4802c
research/wireshark-l2-api	6ce4b0eb36ed8a05b854178ef70f7b34be3f5ffb
research/zha-zigpy-l2-api	669c4420a3d38762e7dbc96129ee33411e9c6e56
tmp-do-not-use	b579cc5af28893d49042b187aa73548531a7927e
tmp-do-not-use-2	b579cc5af28893d49042b187aa73548531a7927e
tmp-do-not-use-3	b579cc5af28893d49042b187aa73548531a7927e
tmp-do-not-use-4	b579cc5af28893d49042b187aa73548531a7927e
tmp/openthread-main-sync	72ae4ba634f0eaa49cab1cf04b44e3b81c554d2e
tmp/test	614d8ece092da1f06a55da257a7c68f912e6ee8a
